{
  "metrics": [
    {
      "pathogen": "Ebola",
      "precision": 0.7430211585471924,
      "recall": 0.7498692395537259,
      "f1": 0.7463732686537659,
      "n_eval": 4134,
      "model": "oss"
    },
    {
      "pathogen": "Overall",
      "precision": 0.7430211585471924,
      "recall": 0.7498692395537259,
      "f1": 0.7463732686537659,
      "n_eval": 4134,
      "model": "oss"
    }
  ]
}