pathogen,precision,recall,f1,n_eval,model
Ebola,0.7430211585471924,0.7498692395537259,0.7463732686537659,4134,oss
Overall,0.7430211585471924,0.7498692395537259,0.7463732686537659,4134,oss
